location,TotalQuantity,TotalRevenue
Berlin,126,32592.709884643555
London,172,42880.25987434387
Mumbai,96,23816.740251541138
Sydney,204,47805.000049591064
Tokyo,173,40666.39986419678
Cape Town,138,31377.540111541748
Paris,212,54820.47982788086
Toronto,96,25466.31005859375
São Paulo,127,32983.6003112793
New York,98,20882.039937973022
