category,TotalRevenue
Home & Kitchen,58594.79062652588
Sports,57010.75979614258
Electronics,47400.50969696045
Clothing,46467.32991027832
Books,47785.71011352539
Beauty,52830.66967201233
Toys,43201.31035614014
