product_id,TotalRevenue,TotalRevenueIndex
45,21515.580810546875,1
4,19201.219818115234,2
17,16391.39971923828,3
24,15550.080078125,4
46,15456.3203125,5
