YearMnthKey,TotalSales,TotalRevenue
20256,123,28521.87008857727
20252,97,20598.389930725098
20249,97,27647.160079956055
20248,6,2593.7499389648438
20251,135,34820.7600479126
20255,118,29237.800163269043
20258,114,28854.759765625
202411,94,19747.43016052246
20257,126,31303.179718017578
20253,115,28611.32999420166
202410,134,38438.54014587402
20254,126,28792.90997695923
202412,157,34123.200160980225
